State,Dirict,Name,Party,Office Room,Phone,Committee Assignment
Alabama,1,"Moore, Barry(link is external)",R,1511 LHOB,(202) 225-2901,Agriculture|Judiciary
Alabama,2,"Figures, Shomari(link is external)",D,225 CHOB,(202) 225-4931,Agriculture|Transportation and Infrastructure
Alabama,3,"Rogers, Mike(link is external)",R,2469 RHOB,(202) 225-3261,Armed Services
Alabama,4,"Aderholt, Robert(link is external)",R,272 CHOB,(202) 225-4876,Appropriations
Alabama,5,"Strong, Dale(link is external)",R,449 CHOB,(202) 225-4801,Appropriations|Homeland Security
Alabama,6,"Palmer, Gary(link is external)",R,170 CHOB,(202) 225-4921,Oversight and Government Reform|Energy and Commerce
Alabama,7,"Sewell, Terri(link is external)",D,1035 LHOB,(202) 225-2665,House Administration|Ways and Means
Alaska,1,"Begich, Nicholas(link is external)",R,153 CHOB,(202) 225-5765,"Natural Resources|Transportation and Infrastructure|Science, Space, and Technology"
Arizona,1,"Schweikert, David(link is external)",R,166 CHOB,(202) 225-2190,Ways and Means
Arizona,2,"Crane, Elijah(link is external)",R,307 CHOB,(202) 225-3361,Oversight and Government Reform|Homeland Security
Arizona,3,"Ansari, Yassamin(link is external)",D,1432 LHOB,(202) 225-4065,Education and Workforce|Oversight and Government Reform|Natural Resources
Arizona,4,"Stanton, Greg(link is external)",D,207 CHOB,(202) 225-9888,Foreign Affairs|Transportation and Infrastructure|Select Comm on the Strategic Competition US and China
Arizona,5,"Biggs, Andy(link is external)",R,464 CHOB,(202) 225-2635,Oversight and Government Reform|Judiciary
Arizona,6,"Ciscomani, Juan(link is external)",R,461 CHOB,(202) 225-2542,Appropriations|Veterans' Affairs
Arizona,7,"Grijalva, Ra√∫l M.(link is external)- Vacancy",D,1203 LHOB,(202) 225-2435,
Arizona,8,"Hamadeh, Abraham(link is external)",R,1722 LHOB,(202) 225-4576,Armed Services|Veterans' Affairs
Arizona,9,"Gosar, Paul(link is external)",R,2057 RHOB,(202) 225-2315,Oversight and Government Reform|Natural Resources
Arkansas,1,"Crawford, Eric(link is external)",R,2422 RHOB,(202) 225-4076,Agriculture|Intelligence|Transportation and Infrastructure
Arkansas,2,"Hill, J.(link is external)",R,1533 LHOB,(202) 225-2506,Financial Services|Intelligence
Arkansas,3,"Womack, Steve(link is external)",R,2412 RHOB,(202) 225-4301,Appropriations
Arkansas,4,"Westerman, Bruce(link is external)",R,202 CHOB,(202) 225-3772,Natural Resources|Transportation and Infrastructure
California,1,"LaMalfa, Doug(link is external)",R,408 CHOB,(202) 225-3076,Agriculture|Natural Resources|Transportation and Infrastructure
California,2,"Huffman, Jared(link is external)",D,2330 RHOB,(202) 225-5161,Natural Resources|Transportation and Infrastructure
California,3,"Kiley, Kevin(link is external)",R,2445 RHOB,(202) 225-2523,Education and Workforce|Judiciary|Transportation and Infrastructure
California,4,"Thompson, Mike(link is external)",D,268 CHOB,(202) 225-3311,Ways and Means
California,5,"McClintock, Tom(link is external)",R,2256 RHOB,(202) 225-2511,Budget|Natural Resources|Judiciary
California,6,"Bera, Ami(link is external)",D,172 CHOB,(202) 225-5716,Foreign Affairs|Intelligence
California,7,"Matsui, Doris(link is external)",D,2206 RHOB,(202) 225-7163,Energy and Commerce
California,8,"Garamendi, John(link is external)",D,2428 RHOB,(202) 225-1880,Armed Services|Transportation and Infrastructure
California,9,"Harder, Josh(link is external)",D,209 CHOB,(202) 225-4540,Appropriations
California,10,"DeSaulnier, Mark(link is external)",D,2134 RHOB,(202) 225-2095,Education and Workforce|Transportation and Infrastructure|Ethics
California,11,"Pelosi, Nancy(link is external)",D,1236 LHOB,(202) 225-4965,
California,12,"Simon, Lateefah(link is external)",D,1023 LHOB,(202) 225-2661,Oversight and Government Reform|Small Business
California,13,"Gray, Adam(link is external)",D,1230 LHOB,(202) 225-1947,Agriculture|Natural Resources
California,14,"Swalwell, Eric(link is external)",D,174 CHOB,(202) 225-5065,Homeland Security|Judiciary
California,15,"Mullin, Kevin(link is external)",D,1404 LHOB,(202) 225-3531,Energy and Commerce
California,16,"Liccardo, Sam(link is external)",D,1117 LHOB,(202) 225-8104,Financial Services
California,17,"Khanna, Ro(link is external)",D,306 CHOB,(202) 225-2631,Armed Services|Oversight and Government Reform|Select Comm on the Strategic Competition US and China
California,18,"Lofgren, Zoe(link is external)",D,1401 LHOB,(202) 225-3072,"Judiciary|Science, Space, and Technology"
California,19,"Panetta, Jimmy(link is external)",D,200 CHOB,(202) 225-2861,Budget|Ways and Means
California,20,"Fong, Vince(link is external)",R,243 CHOB,(202) 225-2915,"Transportation and Infrastructure|Science, Space, and Technology"
California,21,"Costa, Jim(link is external)",D,2081 RHOB,(202) 225-3341,Agriculture|Foreign Affairs
California,22,"Valadao, David(link is external)",R,2465 RHOB,(202) 225-4695,Appropriations|Joint Committee of Congress on the Library
California,23,"Obernolte, Jay(link is external)",R,2433 RHOB,(202) 225-5861,"Budget|Energy and Commerce|Science, Space, and Technology"
California,24,"Carbajal, Salud(link is external)",D,2331 RHOB,(202) 225-3601,Agriculture|Armed Services|Transportation and Infrastructure
California,25,"Ruiz, Raul(link is external)",D,2342 RHOB,(202) 225-5330,Energy and Commerce
California,26,"Brownley, Julia(link is external)",D,2262 RHOB,(202) 225-5811,Natural Resources|Transportation and Infrastructure|Veterans' Affairs
California,27,"Whitesides, George(link is external)",D,1504 LHOB,(202) 225-1956,"Armed Services|Science, Space, and Technology"
California,28,"Chu, Judy(link is external)",D,2423 RHOB,(202) 225-5464,Budget|Ways and Means
California,29,"Rivas, Luz(link is external)",D,1319 LHOB,(202) 225-6131,"Natural Resources|Science, Space, and Technology"
California,30,"Friedman, Laura(link is external)",D,1517 LHOB,(202) 225-4176,"Transportation and Infrastructure|Science, Space, and Technology"
California,31,"Cisneros, Gilbert(link is external)",D,2463 RHOB,(202) 225-5256,Armed Services|Small Business
California,32,"Sherman, Brad(link is external)",D,2365 RHOB,(202) 225-5911,Financial Services|Foreign Affairs
California,33,"Aguilar, Pete(link is external)",D,108 CHOB,(202) 225-3201,Appropriations
California,34,"Gomez, Jimmy(link is external)",D,506 CHOB,(202) 225-6235,Intelligence|Ways and Means
California,35,"Torres, Norma(link is external)",D,2227 RHOB,(202) 225-6161,Appropriations|House Administration
California,36,"Lieu, Ted(link is external)",D,2454 RHOB,(202) 225-3976,Foreign Affairs|Judiciary
California,37,"Kamlager-Dove, Sydney(link is external)",D,144 CHOB,(202) 225-7084,Foreign Affairs|Judiciary
California,38,"Sanchez, Linda(link is external)",D,2309 RHOB,(202) 225-6676,Ways and Means
California,39,"Takano, Mark(link is external)",D,2078 RHOB,(202) 225-2305,Education and Workforce|Veterans' Affairs
California,40,"Kim, Young(link is external)",R,2439 RHOB,(202) 225-4111,Financial Services|Foreign Affairs|Select Comm on the Strategic Competition US and China
California,41,"Calvert, Ken(link is external)",R,2205 RHOB,(202) 225-1986,Appropriations
California,42,"Garcia, Robert(link is external)",D,109 CHOB,(202) 225-7924,Oversight and Government Reform|Transportation and Infrastructure
California,43,"Waters, Maxine(link is external)",D,2221 RHOB,(202) 225-2201,Financial Services
California,44,"Barragan, Nanette(link is external)",D,2312 RHOB,(202) 225-8220,Energy and Commerce
California,45,"Tran, Derek(link is external)",D,1127 LHOB,(202) 225-2415,Armed Services|Small Business
California,46,"Correa, J.(link is external)",D,2082 RHOB,(202) 225-2965,Homeland Security|Judiciary
California,47,"Min, Dave(link is external)",D,1034 LHOB,(202) 225-5611,Oversight and Government Reform|Natural Resources
California,48,"Issa, Darrell(link is external)",R,2108 RHOB,(202) 225-5672,"Foreign Affairs|Judiciary|Science, Space, and Technology"
California,49,"Levin, Mike(link is external)",D,2352 RHOB,(202) 225-3906,Appropriations
California,50,"Peters, Scott(link is external)",D,2369 RHOB,(202) 225-0508,Budget|Energy and Commerce
California,51,"Jacobs, Sara(link is external)",D,2348 RHOB,(202) 225-2040,Armed Services|Foreign Affairs
California,52,"Vargas, Juan(link is external)",D,2467 RHOB,(202) 225-8045,Financial Services
Colorado,1,"DeGette, Diana(link is external)",D,2111 RHOB,(202) 225-4431,Energy and Commerce
Colorado,2,"Neguse, Joe(link is external)",D,2400 RHOB,(202) 225-2161,Natural Resources|Judiciary|Rules
Colorado,3,"Hurd, Jeff(link is external)",R,1641 LHOB,(202) 225-4676,"Natural Resources|Transportation and Infrastructure|Science, Space, and Technology"
Colorado,4,"Boebert, Lauren(link is external)",R,1713 LHOB,(202) 225-4761,Oversight and Government Reform|Natural Resources
Colorado,5,"Crank, Jeff(link is external)",R,1029 LHOB,(202) 225-4422,Armed Services|Natural Resources
Colorado,6,"Crow, Jason(link is external)",D,1323 LHOB,(202) 225-7882,Armed Services|Intelligence
Colorado,7,"Pettersen, Brittany(link is external)",D,348 CHOB,(202) 225-2645,Financial Services
Colorado,8,"Evans, Gabe(link is external)",R,1229 LHOB,(202) 225-5625,Homeland Security|Energy and Commerce
Connecticut,1,"Larson, John(link is external)",D,1501 LHOB,(202) 225-2265,Ways and Means
Connecticut,2,"Courtney, Joe(link is external)",D,2449 RHOB,(202) 225-2076,Armed Services|Education and Workforce
Connecticut,3,"DeLauro, Rosa(link is external)",D,2413 RHOB,(202) 225-3661,Appropriations
Connecticut,4,"Himes, James(link is external)",D,2137 RHOB,(202) 225-5541,Financial Services|Intelligence
Connecticut,5,"Hayes, Jahana(link is external)",D,2049 RHOB,(202) 225-4476,Agriculture|Education and Workforce
Delaware,1,"McBride, Sarah(link is external)",D,1306 LHOB,(202) 225-4165,"Foreign Affairs|Science, Space, and Technology"
Florida,1,"Patronis, Jimmy(link is external)",R,2021 RHOB,(202) 225-4136,Transportation and Infrastructure|Small Business
Florida,2,"Dunn, Neal(link is external)",R,466 CHOB,(202) 225-5235,Energy and Commerce|Select Comm on the Strategic Competition US and China
Florida,3,"Cammack, Kat(link is external)",R,2421 RHOB,(202) 225-5744,Agriculture|Energy and Commerce
Florida,4,"Bean, Aaron(link is external)",R,2459 RHOB,(202) 225-0123,Ways and Means
Florida,5,"Rutherford, John(link is external)",R,1711 LHOB,(202) 225-2501,Appropriations|Ethics
Florida,6,"Fine, Randy(link is external)",R,244 CHOB,(202) 225-2706,Education and Workforce
Florida,7,"Mills, Cory(link is external)",R,346 CHOB,(202) 225-4035,Armed Services|Foreign Affairs
Florida,8,"Haridopolos, Mike(link is external)",R,1039 LHOB,(202) 225-3671,"Financial Services|Science, Space, and Technology"
Florida,9,"Soto, Darren(link is external)",D,2353 RHOB,(202) 225-9889,Energy and Commerce|Natural Resources
Florida,10,"Frost, Maxwell(link is external)",D,1224 LHOB,(202) 225-2176,"Oversight and Government Reform|Science, Space, and Technology"
Florida,11,"Webster, Daniel(link is external)",R,2184 RHOB,(202) 225-1002,"Natural Resources|Transportation and Infrastructure|Science, Space, and Technology"
Florida,12,"Bilirakis, Gus(link is external)",R,2306 RHOB,(202) 225-5755,Energy and Commerce|Select Comm on the Strategic Competition US and China
Florida,13,"Luna, Anna Paulina(link is external)",R,226 CHOB,(202) 225-5961,Foreign Affairs|Oversight and Government Reform
Florida,14,"Castor, Kathy(link is external)",D,2188 RHOB,(202) 225-3376,Energy and Commerce|Select Comm on the Strategic Competition US and China
Florida,15,"Lee, Laurel(link is external)",R,2464 RHOB,(202) 225-5626,House Administration|Energy and Commerce|Judiciary
Florida,16,"Buchanan, Vern(link is external)",R,2409 RHOB,(202) 225-5015,Joint Committee on Taxation|Ways and Means
Florida,17,"Steube, W.(link is external)",R,2457 RHOB,(202) 225-5792,Intelligence|Ways and Means
Florida,18,"Franklin, Scott(link is external)",R,2301 RHOB,(202) 225-1252,"Appropriations|Science, Space, and Technology"
Florida,19,"Donalds, Byron(link is external)",R,1710 LHOB,(202) 225-2536,Financial Services|Oversight and Government Reform
Florida,20,"Cherfilus-McCormick, Sheila(link is external)",D,2442 RHOB,(202) 225-1313,Foreign Affairs|Veterans' Affairs
Florida,21,"Mast, Brian(link is external)",R,2182 RHOB,(202) 225-3026,Foreign Affairs|Transportation and Infrastructure
Florida,22,"Frankel, Lois(link is external)",D,2305 RHOB,(202) 225-9890,Appropriations
Florida,23,"Moskowitz, Jared(link is external)",D,242 CHOB,(202) 225-3001,Foreign Affairs|Judiciary
Florida,24,"Wilson, Frederica(link is external)",D,2080 RHOB,(202) 225-4506,Education and Workforce|Transportation and Infrastructure
Florida,25,"Wasserman Schultz, Debbie(link is external)",D,270 CHOB,(202) 225-7931,Appropriations
Florida,26,"Diaz-Balart, Mario(link is external)",R,374 CHOB,(202) 225-4211,Appropriations
Florida,27,"Salazar, Maria(link is external)",R,2162 RHOB,(202) 225-3931,Financial Services|Foreign Affairs
Florida,28,"Gimenez, Carlos(link is external)",R,448 CHOB,(202) 225-2778,Armed Services|Homeland Security|Select Comm on the Strategic Competition US and China
Georgia,1,"Carter, Earl(link is external)",R,2432 RHOB,(202) 225-5831,Budget|Energy and Commerce
Georgia,2,"Bishop, Sanford(link is external)",D,2407 RHOB,(202) 225-3631,Appropriations
Georgia,3,"Jack, Brian(link is external)",R,1320 LHOB,(202) 225-5901,Oversight and Government Reform|Rules|Small Business
Georgia,4,"Johnson, Henry(link is external)",D,2240 RHOB,(202) 225-1605,Judiciary|Transportation and Infrastructure
Georgia,5,"Williams, Nikema(link is external)",D,1406 LHOB,(202) 225-3801,Financial Services
Georgia,6,"McBath, Lucy(link is external)",D,2246 RHOB,(202) 225-4501,Education and Workforce|Judiciary
Georgia,7,"McCormick, Richard(link is external)",R,1719 LHOB,(202) 225-4272,"Armed Services|Foreign Affairs|Science, Space, and Technology"
Georgia,8,"Scott, Austin(link is external)",R,2185 RHOB,(202) 225-6531,Agriculture|Armed Services|Intelligence|Rules
Georgia,9,"Clyde, Andrew(link is external)",R,445 CHOB,(202) 225-9893,Appropriations|Budget
Georgia,10,"Collins, Mike(link is external)",R,2351 RHOB,(202) 225-4101,"Natural Resources|Transportation and Infrastructure|Science, Space, and Technology"
Georgia,11,"Loudermilk, Barry(link is external)",R,2133 RHOB,(202) 225-2931,Financial Services|House Administration
Georgia,12,"Allen, Rick(link is external)",R,462 CHOB,(202) 225-2823,Education and Workforce|Energy and Commerce
Georgia,13,"Scott, David(link is external)",D,468 CHOB,(202) 225-2939,Agriculture|Financial Services
Georgia,14,"Greene, Marjorie(link is external)",R,2201 RHOB,(202) 225-5211,Oversight and Government Reform|Homeland Security
Guam,Delegate,"Moylan, James(link is external)",R,228 CHOB,(202) 225-1188,Armed Services|Education and Workforce|Foreign Affairs
Hawaii,1,"Case, Ed(link is external)",D,2210 RHOB,(202) 225-2726,Appropriations
Hawaii,2,"Tokuda, Jill(link is external)",D,1027 LHOB,(202) 225-4906,Agriculture|Armed Services|Select Comm on the Strategic Competition US and China
Idaho,1,"Fulcher, Russ(link is external)",R,1514 LHOB,(202) 225-6611,Energy and Commerce|Natural Resources
Idaho,2,"Simpson, Michael(link is external)",R,2084 RHOB,(202) 225-5531,Appropriations
Illinois,1,"Jackson, Jonathan(link is external)",D,1632 LHOB,(202) 225-4372,Agriculture|Foreign Affairs
Illinois,2,"Kelly, Robin(link is external)",D,2329 RHOB,(202) 225-0773,Energy and Commerce
Illinois,3,"Ramirez, Delia(link is external)",D,1523 LHOB,(202) 225-5701,Homeland Security|Veterans' Affairs
Illinois,4,"Garcia, Jesus(link is external)",D,2334 RHOB,(202) 225-8203,Judiciary|Transportation and Infrastructure
Illinois,5,"Quigley, Mike(link is external)",D,2083 RHOB,(202) 225-4061,Appropriations|Intelligence
Illinois,6,"Casten, Sean(link is external)",D,2440 RHOB,(202) 225-4561,Financial Services
Illinois,7,"Davis, Danny(link is external)",D,2159 RHOB,(202) 225-5006,Ways and Means
Illinois,8,"Krishnamoorthi, Raja(link is external)",D,2367 RHOB,(202) 225-3711,Oversight and Government Reform|Intelligence|Select Comm on the Strategic Competition US and China
Illinois,9,"Schakowsky, Janice(link is external)",D,2408 RHOB,(202) 225-2111,Energy and Commerce
Illinois,10,"Schneider, Bradley(link is external)",D,300 CHOB,(202) 225-4835,Foreign Affairs|Ways and Means
Illinois,11,"Foster, Bill(link is external)",D,2366 RHOB,(202) 225-3515,"Financial Services|Science, Space, and Technology"
Illinois,12,"Bost, Mike(link is external)",R,352 CHOB,(202) 225-5661,Agriculture|Transportation and Infrastructure|Veterans' Affairs
Illinois,13,"Budzinski, Nikki(link is external)",D,1717 LHOB,(202) 225-2371,Agriculture|Veterans' Affairs
Illinois,14,"Underwood, Lauren(link is external)",D,2228 RHOB,(202) 225-2976,Appropriations
Illinois,15,"Miller, Mary(link is external)",R,1740 LHOB,(202) 225-5271,Agriculture|Education and Workforce|House Administration
Illinois,16,"LaHood, Darin(link is external)",R,503 CHOB,(202) 225-6201,Intelligence|Ways and Means|Select Comm on the Strategic Competition US and China
Illinois,17,"Sorensen, Eric(link is external)",D,1314 LHOB,(202) 225-5905,Agriculture|Armed Services
Indiana,1,"Mrvan, Frank(link is external)",D,2441 RHOB,(202) 225-2461,Appropriations
Indiana,2,"Yakym, Rudy(link is external)",R,349 CHOB,(202) 225-3915,Ways and Means
Indiana,3,"Stutzman, Marlin(link is external)",R,404 CHOB,(202) 225-4436,Financial Services|Budget
Indiana,4,"Baird, James(link is external)",R,2303 RHOB,(202) 225-5037,"Agriculture|Foreign Affairs|Science, Space, and Technology"
Indiana,5,"Spartz, Victoria(link is external)",R,1609 LHOB,(202) 225-2276,
Indiana,6,"Shreve, Jefferson(link is external)",R,224 CHOB,(202) 225-3021,Foreign Affairs|Transportation and Infrastructure
Indiana,7,"Carson, Andre(link is external)",D,2135 RHOB,(202) 225-4011,Intelligence|Transportation and Infrastructure|Select Comm on the Strategic Competition US and China
Indiana,8,"Messmer, Mark(link is external)",R,1208 LHOB,(202) 225-4636,Agriculture|Armed Services|Education and Workforce
Indiana,9,"Houchin, Erin(link is external)",R,342 CHOB,(202) 225-5315,Budget|Energy and Commerce|Rules
Iowa,1,"Miller-Meeks, Mariannette(link is external)",R,504 CHOB,(202) 225-6576,Energy and Commerce|Veterans' Affairs
Iowa,2,"Hinson, Ashley(link is external)",R,2458 RHOB,(202) 225-2911,Appropriations|Ethics|Select Comm on the Strategic Competition US and China
Iowa,3,"Nunn, Zachary(link is external)",R,1410 LHOB,(202) 225-5476,Agriculture|Financial Services|Select Comm on the Strategic Competition US and China
Iowa,4,"Feenstra, Randy(link is external)",R,2434 RHOB,(202) 225-4426,Agriculture|Ways and Means
Kansas,1,"Mann, Tracey(link is external)",R,344 CHOB,(202) 225-2715,Agriculture|Transportation and Infrastructure
Kansas,2,"Schmidt, Derek(link is external)",R,1223 LHOB,(202) 225-6601,Armed Services|Judiciary|Small Business
Kansas,3,"Davids, Sharice(link is external)",D,2435 RHOB,(202) 225-2865,Agriculture|Transportation and Infrastructure
Kansas,4,"Estes, Ron(link is external)",R,2234 RHOB,(202) 225-6216,Budget|Ways and Means
Kentucky,1,"Comer, James(link is external)",R,2410 RHOB,(202) 225-3115,Education and Workforce|Oversight and Government Reform
Kentucky,2,"Guthrie, Brett(link is external)",R,2161 RHOB,(202) 225-3501,Energy and Commerce
Kentucky,3,"McGarvey, Morgan(link is external)",D,1527 LHOB,(202) 225-5401,Budget|Small Business|Veterans' Affairs
Kentucky,4,"Massie, Thomas(link is external)",R,2371 RHOB,(202) 225-3465,Judiciary|Transportation and Infrastructure
Kentucky,5,"Rogers, Harold(link is external)",R,2406 RHOB,(202) 225-4601,Appropriations
Kentucky,6,"Barr, Andy(link is external)",R,2430 RHOB,(202) 225-4706,Financial Services|Foreign Affairs|Select Comm on the Strategic Competition US and China
Louisiana,1,"Scalise, Steve(link is external)",R,266 CHOB,(202) 225-3015,
Louisiana,2,"Carter, Troy(link is external)",D,442 CHOB,(202) 225-6636,Homeland Security|Energy and Commerce
Louisiana,3,"Higgins, Clay(link is external)",R,572 CHOB,(202) 225-2031,Armed Services|Oversight and Government Reform|Homeland Security
Louisiana,4,"Johnson, Mike(link is external)",R,521 CHOB,(202) 225-2777,
Louisiana,5,"Letlow, Julia(link is external)",R,142 CHOB,(202) 225-8490,Appropriations|Education and Workforce
Louisiana,6,"Fields, Cleo(link is external)",D,2349 RHOB,(202) 225-3901,Financial Services
Maine,1,"Pingree, Chellie(link is external)",D,2354 RHOB,(202) 225-6116,Agriculture|Appropriations
Maine,2,"Golden, Jared(link is external)",D,1107 LHOB,(202) 225-6306,Armed Services|Natural Resources
Maryland,1,"Harris, Andy(link is external)",R,1536 LHOB,(202) 225-5311,Appropriations
Maryland,2,"Olszewski, Johnny(link is external)",D,1339 LHOB,(202) 225-3061,Foreign Affairs|Small Business
Maryland,3,"Elfreth, Sarah(link is external)",D,1213 LHOB,(202) 225-4016,Armed Services|Natural Resources
Maryland,4,"Ivey, Glenn(link is external)",D,1610 LHOB,(202) 225-8699,Appropriations|Ethics
Maryland,5,"Hoyer, Steny(link is external)",D,1705 LHOB,(202) 225-4131,Appropriations
Maryland,6,"McClain Delaney, April(link is external)",D,1130 LHOB,(202) 225-2721,"Agriculture|Science, Space, and Technology"
Maryland,7,"Mfume, Kweisi(link is external)",D,2263 RHOB,(202) 225-4741,Foreign Affairs|Oversight and Government Reform
Maryland,8,"Raskin, Jamie(link is external)",D,2242 RHOB,(202) 225-5341,Judiciary
Massachusetts,1,"Neal, Richard(link is external)",D,372 CHOB,(202) 225-5601,Joint Committee on Taxation|Ways and Means
Massachusetts,2,"McGovern, James(link is external)",D,370 CHOB,(202) 225-6101,Agriculture|Rules
Massachusetts,3,"Trahan, Lori(link is external)",D,2233 RHOB,(202) 225-3411,Energy and Commerce
Massachusetts,4,"Auchincloss, Jake(link is external)",D,1524 LHOB,(202) 225-5931,Energy and Commerce
Massachusetts,5,"Clark, Katherine(link is external)",D,2368 RHOB,(202) 225-2836,
Massachusetts,6,"Moulton, Seth(link is external)",D,1126 LHOB,(202) 225-8020,Armed Services|Transportation and Infrastructure|Select Comm on the Strategic Competition US and China
Massachusetts,7,"Pressley, Ayanna(link is external)",D,402 CHOB,(202) 225-5111,Financial Services|Oversight and Government Reform
Massachusetts,8,"Lynch, Stephen(link is external)",D,2109 RHOB,(202) 225-8273,Financial Services|Oversight and Government Reform
Massachusetts,9,"Keating, William(link is external)",D,2372 RHOB,(202) 225-3111,Armed Services|Foreign Affairs
Michigan,1,"Bergman, Jack(link is external)",R,566 CHOB,(202) 225-4735,Armed Services|Budget|Veterans' Affairs
Michigan,2,"Moolenaar, John(link is external)",R,246 CHOB,(202) 225-3561,Appropriations|Select Comm on the Strategic Competition US and China
Michigan,3,"Scholten, Hillary(link is external)",D,1317 LHOB,(202) 225-3831,Transportation and Infrastructure|Small Business
Michigan,4,"Huizenga, Bill(link is external)",R,2232 RHOB,(202) 225-4401,Financial Services|Foreign Affairs
Michigan,5,"Walberg, Tim(link is external)",R,2266 RHOB,(202) 225-6276,Education and Workforce|Natural Resources
Michigan,6,"Dingell, Debbie(link is external)",D,102 CHOB,(202) 225-4071,Energy and Commerce|Natural Resources
Michigan,7,"Barrett, Tom(link is external)",R,1232 LHOB,(202) 225-4872,Transportation and Infrastructure|Veterans' Affairs
Michigan,8,"McDonald Rivet, Kristen(link is external)",D,1408 LHOB,(202) 225-3611,Agriculture|Transportation and Infrastructure
Michigan,9,"McClain, Lisa(link is external)",R,562 CHOB,(202) 225-2106,Financial Services|Education and Workforce
Michigan,10,"James, John(link is external)",R,1519 LHOB,(202) 225-4961,Energy and Commerce
Michigan,11,"Stevens, Haley(link is external)",D,2411 RHOB,(202) 225-8171,"Education and Workforce|Science, Space, and Technology|Select Comm on the Strategic Competition US and China"
Michigan,12,"Tlaib, Rashida(link is external)",D,2438 RHOB,(202) 225-5126,Financial Services|Oversight and Government Reform
Michigan,13,"Thanedar, Shri(link is external)",D,154 CHOB,(202) 225-5802,Agriculture|Homeland Security
Minnesota,1,"Finstad, Brad(link is external)",R,2418 RHOB,(202) 225-2472,Agriculture|Armed Services|Small Business
Minnesota,2,"Craig, Angie(link is external)",D,2052 RHOB,(202) 225-2271,Agriculture
Minnesota,3,"Morrison, Kelly(link is external)",D,1205 LHOB,(202) 225-2871,Small Business|Veterans' Affairs
Minnesota,4,"McCollum, Betty(link is external)",D,2426 RHOB,(202) 225-6631,Appropriations
Minnesota,5,"Omar, Ilhan(link is external)",D,1730 LHOB,(202) 225-4755,Budget|Education and Workforce
Minnesota,6,"Emmer, Tom(link is external)",R,326 CHOB,(202) 225-2331,Financial Services
Minnesota,7,"Fischbach, Michelle(link is external)",R,2229 RHOB,(202) 225-2165,Rules|Ways and Means
Minnesota,8,"Stauber, Pete(link is external)",R,145 CHOB,(202) 225-6211,Natural Resources|Transportation and Infrastructure|Small Business
Mississippi,1,"Kelly, Trent(link is external)",R,2243 RHOB,(202) 225-4306,Agriculture|Armed Services|Intelligence
Mississippi,2,"Thompson, Bennie(link is external)",D,2466 RHOB,(202) 225-5876,Homeland Security
Mississippi,3,"Guest, Michael(link is external)",R,450 CHOB,(202) 225-5031,Appropriations|Homeland Security|Ethics
Mississippi,4,"Ezell, Mike(link is external)",R,443 CHOB,(202) 225-5772,Natural Resources|Transportation and Infrastructure
Missouri,1,"Bell, Wesley(link is external)",D,1429 LHOB,(202) 225-2406,Armed Services|Oversight and Government Reform
Missouri,2,"Wagner, Ann(link is external)",R,2350 RHOB,(202) 225-1621,Financial Services|Intelligence
Missouri,3,"Onder, Robert(link is external)",R,1113 LHOB,(202) 225-2956,Education and Workforce|Judiciary|Transportation and Infrastructure
Missouri,4,"Alford, Mark(link is external)",R,328 CHOB,(202) 225-2876,Appropriations|Small Business
Missouri,5,"Cleaver, Emanuel(link is external)",D,2217 RHOB,(202) 225-4535,Financial Services
Missouri,6,"Graves, Sam(link is external)",R,1135 LHOB,(202) 225-7041,Armed Services|Transportation and Infrastructure
Missouri,7,"Burlison, Eric(link is external)",R,1108 LHOB,(202) 225-6536,Oversight and Government Reform|Transportation and Infrastructure
Missouri,8,"Smith, Jason(link is external)",R,1011 LHOB,(202) 225-4404,Joint Committee on Taxation|Ways and Means
Montana,1,"Zinke, Ryan(link is external)",R,512 CHOB,(202) 225-5628,Appropriations|Foreign Affairs
Montana,2,"Downing, Troy(link is external)",R,1529 LHOB,(202) 225-3211,Financial Services|Small Business
Nebraska,1,"Flood, Mike(link is external)",R,343 CHOB,(202) 225-4806,Financial Services
Nebraska,2,"Bacon, Don(link is external)",R,2104 RHOB,(202) 225-4155,Agriculture|Armed Services
Nebraska,3,"Smith, Adrian(link is external)",R,502 CHOB,(202) 225-6435,Joint Committee on Taxation|Ways and Means
Nevada,1,"Titus, Dina(link is external)",D,2370 RHOB,(202) 225-5965,Foreign Affairs|Transportation and Infrastructure
Nevada,2,"Amodei, Mark(link is external)",R,104 CHOB,(202) 225-6155,Appropriations|Natural Resources
Nevada,3,"Lee, Susie(link is external)",D,365 CHOB,(202) 225-3252,Appropriations|Natural Resources
Nevada,4,"Horsford, Steven(link is external)",D,406 CHOB,(202) 225-9894,Ways and Means
New Hampshire,1,"Pappas, Chris(link is external)",D,452 CHOB,(202) 225-5456,Transportation and Infrastructure|Veterans' Affairs
New Hampshire,2,"Goodlander, Maggie(link is external)",D,223 CHOB,(202) 225-5206,Armed Services|Small Business
New Jersey,1,"Norcross, Donald(link is external)",D,2427 RHOB,(202) 225-6501,Armed Services|Education and Workforce
New Jersey,2,"Van Drew, Jefferson(link is external)",R,2447 RHOB,(202) 225-6572,Judiciary|Transportation and Infrastructure
New Jersey,3,"Conaway, Herbert(link is external)",D,1022 LHOB,(202) 225-4765,Small Business|Veterans' Affairs
New Jersey,4,"Smith, Christopher(link is external)",R,2373 RHOB,(202) 225-3765,Foreign Affairs
New Jersey,5,"Gottheimer, Josh(link is external)",D,106 CHOB,(202) 225-4465,Financial Services|Intelligence
New Jersey,6,"Pallone, Frank(link is external)",D,2107 RHOB,(202) 225-4671,Energy and Commerce
New Jersey,7,"Kean, Thomas(link is external)",R,251 CHOB,(202) 225-5361,Foreign Affairs|Energy and Commerce
New Jersey,8,"Menendez, Robert(link is external)",D,2453 RHOB,(202) 225-7919,Energy and Commerce
New Jersey,9,"Pou, Nellie(link is external)",D,1007 LHOB,(202) 225-5751,Homeland Security|Transportation and Infrastructure
New Jersey,10,"McIver, LaMonica(link is external)",D,426 CHOB,(202) 225-3436,Homeland Security|Small Business
New Jersey,11,"Sherrill, Mikie(link is external)",D,1427 LHOB,(202) 225-5034,Armed Services|Select Comm on the Strategic Competition US and China
New Jersey,12,"Watson Coleman, Bonnie(link is external)",D,168 CHOB,(202) 225-5801,Appropriations|Budget
New Mexico,1,"Stansbury, Melanie(link is external)",D,1421 LHOB,(202) 225-6316,Oversight and Government Reform|Natural Resources
New Mexico,2,"Vasquez, Gabe(link is external)",D,322 CHOB,(202) 225-2365,Agriculture|Armed Services
New Mexico,3,"Leger Fernandez, Teresa(link is external)",D,2417 RHOB,(202) 225-6190,Natural Resources|Rules
New York,1,"LaLota, Nick(link is external)",R,122 CHOB,(202) 225-3826,Appropriations|Small Business
New York,2,"Garbarino, Andrew(link is external)",R,2344 RHOB,(202) 225-7896,Financial Services|Homeland Security|Ethics
New York,3,"Suozzi, Thomas R.(link is external)",D,203 CHOB,(202) 225-3335,Ways and Means
New York,4,"Gillen, Laura(link is external)",D,428 CHOB,(202) 225-5516,"Transportation and Infrastructure|Science, Space, and Technology"
New York,5,"Meeks, Gregory(link is external)",D,2310 RHOB,(202) 225-3461,Financial Services|Foreign Affairs
New York,6,"Meng, Grace(link is external)",D,2468 RHOB,(202) 225-2601,Appropriations
New York,7,"Velazquez, Nydia(link is external)",D,2302 RHOB,(202) 225-2361,Financial Services|Natural Resources|Small Business
New York,8,"Jeffries, Hakeem(link is external)",D,2267 RHOB,(202) 225-5936,
New York,9,"Clarke, Yvette(link is external)",D,2058 RHOB,(202) 225-6231,Energy and Commerce
New York,10,"Goldman, Daniel(link is external)",D,245 CHOB,(202) 225-7944,Homeland Security|Judiciary
New York,11,"Malliotakis, Nicole(link is external)",R,1124 LHOB,(202) 225-3371,Ways and Means
New York,12,"Nadler, Jerrold(link is external)",D,2132 RHOB,(202) 225-5635,Judiciary|Transportation and Infrastructure
New York,13,"Espaillat, Adriano(link is external)",D,2332 RHOB,(202) 225-4365,Appropriations
New York,14,"Ocasio-Cortez, Alexandria(link is external)",D,250 CHOB,(202) 225-3965,Energy and Commerce
New York,15,"Torres, Ritchie(link is external)",D,1414 LHOB,(202) 225-4361,Financial Services|Select Comm on the Strategic Competition US and China
New York,16,"Latimer, George(link is external)",D,1507 LHOB,(202) 225-2464,Foreign Affairs|Small Business
New York,17,"Lawler, Michael(link is external)",R,324 CHOB,(202) 225-6506,Financial Services|Foreign Affairs
New York,18,"Ryan, Patrick(link is external)",D,1708 LHOB,(202) 225-5614,Armed Services|Transportation and Infrastructure
New York,19,"Riley, Josh(link is external)",D,128 CHOB,(202) 225-5441,"Agriculture|Science, Space, and Technology"
New York,20,"Tonko, Paul(link is external)",D,2269 RHOB,(202) 225-5076,Budget|Energy and Commerce
New York,21,"Stefanik, Elise(link is external)",R,2211 RHOB,(202) 225-4611,Armed Services|Education and Workforce
New York,22,"Mannion, John(link is external)",D,1516 LHOB,(202) 225-3701,Agriculture|Education and Workforce
New York,23,"Langworthy, Nicholas(link is external)",R,422 CHOB,(202) 225-3161,Oversight and Government Reform|Energy and Commerce|Rules
New York,24,"Tenney, Claudia(link is external)",R,2230 RHOB,(202) 225-3665,"Intelligence|Science, Space, and Technology|Ways and Means"
New York,25,"Morelle, Joseph(link is external)",D,570 CHOB,(202) 225-3615,Appropriations|House Administration|Joint Committee of Congress on the Library
New York,26,"Kennedy, Timothy(link is external)",D,423 CHOB,(202) 225-3306,Homeland Security|Veterans' Affairs
North Carolina,1,"Davis, Donald(link is external)",D,1123 LHOB,(202) 225-3101,Agriculture|Armed Services
North Carolina,2,"Ross, Deborah(link is external)",D,1221 LHOB,(202) 225-3032,"Judiciary|Ethics|Science, Space, and Technology"
North Carolina,3,"Murphy, Gregory(link is external)",R,407 CHOB,(202) 225-3415,House Administration|Veterans' Affairs|Ways and Means
North Carolina,4,"Foushee, Valerie(link is external)",D,2452 RHOB,(202) 225-1784,"Transportation and Infrastructure|Science, Space, and Technology"
North Carolina,5,"Foxx, Virginia(link is external)",R,2462 RHOB,(202) 225-2071,Education and Workforce|Oversight and Government Reform|Rules
North Carolina,6,"McDowell, Addison(link is external)",R,1032 LHOB,(202) 225-3065,Budget|Natural Resources|Transportation and Infrastructure
North Carolina,7,"Rouzer, David(link is external)",R,2333 RHOB,(202) 225-2731,"Agriculture|Transportation and Infrastructure|Science, Space, and Technology"
North Carolina,8,"Harris, Mark(link is external)",R,126 CHOB,(202) 225-1976,Agriculture|Education and Workforce|Judiciary
North Carolina,9,"Hudson, Richard(link is external)",R,2112 RHOB,(202) 225-3715,Energy and Commerce
North Carolina,10,"Harrigan, Pat(link is external)",R,1233 LHOB,(202) 225-2576,"Armed Services|Science, Space, and Technology"
North Carolina,11,"Edwards, Chuck(link is external)",R,1505 LHOB,(202) 225-6401,Appropriations|Budget
North Carolina,12,"Adams, Alma(link is external)",D,2436 RHOB,(202) 225-1510,Agriculture|Education and Workforce
North Carolina,13,"Knott, Brad(link is external)",R,1239 LHOB,(202) 225-4531,Homeland Security|Judiciary|Transportation and Infrastructure
North Carolina,14,"Moore, Tim(link is external)",R,1424 LHOB,(202) 225-5634,Financial Services|Budget
North Dakota,1,"Fedorchak, Julie(link is external)",R,1607 LHOB,(202) 225-2611,Energy and Commerce
Ohio,1,"Landsman, Greg(link is external)",D,2244 RHOB,(202) 225-2216,Energy and Commerce
Ohio,2,"Taylor, David(link is external)",R,325 CHOB,(202) 225-3164,Agriculture|Transportation and Infrastructure
Ohio,3,"Beatty, Joyce(link is external)",D,2079 RHOB,(202) 225-4324,Financial Services
Ohio,4,"Jordan, Jim(link is external)",R,2056 RHOB,(202) 225-2676,Oversight and Government Reform|Judiciary
Ohio,5,"Latta, Robert(link is external)",R,2470 RHOB,(202) 225-6405,Energy and Commerce
Ohio,6,"Rulli, Michael A.(link is external)",R,421 CHOB,(202) 225-5705,Education and Workforce|Energy and Commerce
Ohio,7,"Miller, Max(link is external)",R,143 CHOB,(202) 225-3876,"Science, Space, and Technology|Ways and Means"
Ohio,8,"Davidson, Warren(link is external)",R,2113 RHOB,(202) 225-6205,Financial Services|Foreign Affairs
Ohio,9,"Kaptur, Marcy(link is external)",D,2314 RHOB,(202) 225-4146,Appropriations|Budget
Ohio,10,"Turner, Michael(link is external)",R,2183 RHOB,(202) 225-6465,Armed Services|Oversight and Government Reform
Ohio,11,"Brown, Shontel(link is external)",D,2455 RHOB,(202) 225-7032,Agriculture|Oversight and Government Reform|Select Comm on the Strategic Competition US and China
Ohio,12,"Balderson, Troy(link is external)",R,2429 RHOB,(202) 225-5355,Energy and Commerce
Ohio,13,"Sykes, Emilia(link is external)",D,1217 LHOB,(202) 225-6265,"Transportation and Infrastructure|Science, Space, and Technology"
Ohio,14,"Joyce, David(link is external)",R,2065 RHOB,(202) 225-5731,Appropriations
Ohio,15,"Carey, Mike(link is external)",R,1433 LHOB,(202) 225-2015,Budget|House Administration|Joint Committee of Congress on the Library|Ways and Means
Oklahoma,1,"Hern, Kevin(link is external)",R,171 CHOB,(202) 225-2211,Ways and Means
Oklahoma,2,"Brecheen, Josh(link is external)",R,351 CHOB,(202) 225-2701,Budget|Homeland Security
Oklahoma,3,"Lucas, Frank(link is external)",R,2405 RHOB,(202) 225-5565,Agriculture|Financial Services
Oklahoma,4,"Cole, Tom(link is external)",R,2207 RHOB,(202) 225-6165,Appropriations
Oklahoma,5,"Bice, Stephanie(link is external)",R,2402 RHOB,(202) 225-2132,Appropriations|House Administration
Oregon,1,"Bonamici, Suzanne(link is external)",D,2231 RHOB,(202) 225-0855,"Education and Workforce|Science, Space, and Technology"
Oregon,2,"Bentz, Cliff(link is external)",R,409 CHOB,(202) 225-6730,Energy and Commerce|Natural Resources
Oregon,3,"Dexter, Maxine(link is external)",D,1207 LHOB,(202) 225-4811,Natural Resources|Veterans' Affairs
Oregon,4,"Hoyle, Val(link is external)",D,1620 LHOB,(202) 225-6416,Natural Resources|Transportation and Infrastructure
Oregon,5,"Bynum, Janelle(link is external)",D,1508 LHOB,(202) 225-5711,Financial Services
Oregon,6,"Salinas, Andrea(link is external)",D,403 CHOB,(202) 225-5643,"Agriculture|Science, Space, and Technology"
Pennsylvania,1,"Fitzpatrick, Brian(link is external)",R,271 CHOB,(202) 225-4276,Intelligence|Ways and Means
Pennsylvania,2,"Boyle, Brendan(link is external)",D,1502 LHOB,(202) 225-6111,Budget|Ways and Means
Pennsylvania,3,"Evans, Dwight(link is external)",D,1105 LHOB,(202) 225-4001,Ways and Means
Pennsylvania,4,"Dean, Madeleine(link is external)",D,150 CHOB,(202) 225-4731,Appropriations|Foreign Affairs
Pennsylvania,5,"Scanlon, Mary Gay(link is external)",D,1214 LHOB,(202) 225-2011,Judiciary|Rules
Pennsylvania,6,"Houlahan, Chrissy(link is external)",D,1727 LHOB,(202) 225-4315,Armed Services|Intelligence
Pennsylvania,7,"Mackenzie, Ryan(link is external)",R,121 CHOB,(202) 225-6411,Education and Workforce|Foreign Affairs|Homeland Security
Pennsylvania,8,"Bresnahan, Robert(link is external)",R,1133 LHOB,(202) 225-5546,Agriculture|Transportation and Infrastructure|Small Business
Pennsylvania,9,"Meuser, Daniel(link is external)",R,350 CHOB,(202) 225-6511,Financial Services|Small Business
Pennsylvania,10,"Perry, Scott(link is external)",R,2160 RHOB,(202) 225-5836,Foreign Affairs|Oversight and Government Reform|Intelligence|Transportation and Infrastructure
Pennsylvania,11,"Smucker, Lloyd(link is external)",R,302 CHOB,(202) 225-2411,Budget|Ways and Means
Pennsylvania,12,"Lee, Summer(link is external)",D,2437 RHOB,(202) 225-2135,Education and Workforce|Oversight and Government Reform
Pennsylvania,13,"Joyce, John(link is external)",R,2102 RHOB,(202) 225-2431,Energy and Commerce
Pennsylvania,14,"Reschenthaler, Guy(link is external)",R,2209 RHOB,(202) 225-2065,Appropriations
Pennsylvania,15,"Thompson, Glenn(link is external)",R,400 CHOB,(202) 225-5121,Agriculture|Education and Workforce
Pennsylvania,16,"Kelly, Mike(link is external)",R,1707 LHOB,(202) 225-5406,Ways and Means
Pennsylvania,17,"Deluzio, Christopher(link is external)",D,1222 LHOB,(202) 225-2301,Armed Services|Transportation and Infrastructure
Rhode Island,1,"Amo, Gabe(link is external)",D,1119 LHOB,(202) 225-4911,"Budget|Foreign Affairs|Science, Space, and Technology"
Rhode Island,2,"Magaziner, Seth(link is external)",D,252 CHOB,(202) 225-2735,Homeland Security|Natural Resources
South Carolina,1,"Mace, Nancy(link is external)",R,1728 LHOB,(202) 225-3176,Armed Services|Oversight and Government Reform|Veterans' Affairs
South Carolina,2,"Wilson, Joe(link is external)",R,1436 LHOB,(202) 225-2452,Armed Services|Education and Workforce|Foreign Affairs
South Carolina,3,"Biggs, Sheri(link is external)",R,1530 LHOB,(202) 225-5301,"Foreign Affairs|Homeland Security|Science, Space, and Technology"
South Carolina,4,"Timmons, William(link is external)",R,267 CHOB,(202) 225-6030,Financial Services|Oversight and Government Reform
South Carolina,5,"Norman, Ralph(link is external)",R,569 CHOB,(202) 225-5501,Financial Services|Budget|Rules
South Carolina,6,"Clyburn, James(link is external)",D,274 CHOB,(202) 225-3315,Appropriations
South Carolina,7,"Fry, Russell(link is external)",R,345 CHOB,(202) 225-9895,Energy and Commerce|Judiciary
South Dakota,1,"Johnson, Dusty(link is external)",R,1714 LHOB,(202) 225-2801,Agriculture|Transportation and Infrastructure|Select Comm on the Strategic Competition US and China
Tennessee,1,"Harshbarger, Diana(link is external)",R,167 CHOB,(202) 225-6356,Energy and Commerce
Tennessee,2,"Burchett, Tim(link is external)",R,1122 LHOB,(202) 225-5435,Foreign Affairs|Oversight and Government Reform|Transportation and Infrastructure
Tennessee,3,"Fleischmann, Charles(link is external)",R,2187 RHOB,(202) 225-3271,"Appropriations|Science, Space, and Technology"
Tennessee,4,"DesJarlais, Scott(link is external)",R,2304 RHOB,(202) 225-6831,Agriculture|Armed Services
Tennessee,5,"Ogles, Andrew(link is external)",R,151 CHOB,(202) 225-4311,Financial Services|Homeland Security
Tennessee,6,"Rose, John(link is external)",R,2238 RHOB,(202) 225-4231,Agriculture|Financial Services
Tennessee,7,"Green, Mark E.(link is external)- Vacancy",R,2446 RHOB,(202) 225-2811,
Tennessee,8,"Kustoff, David(link is external)",R,560 CHOB,(202) 225-4714,Ways and Means
Tennessee,9,"Cohen, Steve(link is external)",D,2268 RHOB,(202) 225-3265,Intelligence|Judiciary
Texas,1,"Moran, Nathaniel(link is external)",R,1605 LHOB,(202) 225-3035,Ethics|Ways and Means|Select Comm on the Strategic Competition US and China
Texas,2,"Crenshaw, Dan(link is external)",R,248 CHOB,(202) 225-6565,Energy and Commerce|Intelligence
Texas,3,"Self, Keith(link is external)",R,1030 LHOB,(202) 225-4201,"Foreign Affairs|Science, Space, and Technology|Veterans' Affairs"
Texas,4,"Fallon, Pat(link is external)",R,2416 RHOB,(202) 225-6673,Armed Services|Oversight and Government Reform|Intelligence
Texas,5,"Gooden, Lance(link is external)",R,2431 RHOB,(202) 225-3484,Armed Services|Judiciary
Texas,6,"Ellzey, Jake(link is external)",R,1721 LHOB,(202) 225-2002,Appropriations|Small Business
Texas,7,"Fletcher, Lizzie(link is external)",D,2004 RHOB,(202) 225-2571,Energy and Commerce
Texas,8,"Luttrell, Morgan(link is external)",R,444 CHOB,(202) 225-4901,Armed Services|Homeland Security|Veterans' Affairs
Texas,9,"Green, Al(link is external)",D,2347 RHOB,(202) 225-7508,Financial Services|Homeland Security
Texas,10,"McCaul, Michael(link is external)",R,2300 RHOB,(202) 225-2401,Foreign Affairs|Homeland Security
Texas,11,"Pfluger, August(link is external)",R,2202 RHOB,(202) 225-3605,Homeland Security|Energy and Commerce
Texas,12,"Goldman, Craig(link is external)",R,1716 LHOB,(202) 225-5071,Energy and Commerce
Texas,13,"Jackson, Ronny(link is external)",R,125 CHOB,(202) 225-3706,Agriculture|Armed Services|Foreign Affairs|Intelligence
Texas,14,"Weber, Randy(link is external)",R,107 CHOB,(202) 225-2831,"Energy and Commerce|Science, Space, and Technology"
Texas,15,"De La Cruz, Monica(link is external)",R,1415 LHOB,(202) 225-9901,Agriculture|Financial Services
Texas,16,"Escobar, Veronica(link is external)",D,2448 RHOB,(202) 225-4831,Appropriations|Budget
Texas,17,"Sessions, Pete(link is external)",R,2204 RHOB,(202) 225-6105,Financial Services|Oversight and Government Reform
Texas,18,"Turner, Sylvester(link is external)- Vacancy",D,1318 LHOB,(202) 225-3816,
Texas,19,"Arrington, Jodey(link is external)",R,1111 LHOB,(202) 225-4005,Budget|Ways and Means
Texas,20,"Castro, Joaquin(link is external)",D,2241 RHOB,(202) 225-3236,Foreign Affairs|Intelligence
Texas,21,"Roy, Chip(link is external)",R,103 CHOB,(202) 225-4236,Budget|Judiciary|Rules
Texas,22,"Nehls, Troy(link is external)",R,1104 LHOB,(202) 225-5951,Judiciary|Transportation and Infrastructure
Texas,23,"Gonzales, Tony(link is external)",R,2239 RHOB,(202) 225-4511,Appropriations|Homeland Security
Texas,24,"Van Duyne, Beth(link is external)",R,1725 LHOB,(202) 225-6605,Small Business|Ways and Means
Texas,25,"Williams, Roger(link is external)",R,2336 RHOB,(202) 225-9896,Financial Services|Small Business
Texas,26,"Gill, Brandon(link is external)",R,1305 LHOB,(202) 225-7772,Budget|Oversight and Government Reform|Judiciary
Texas,27,"Cloud, Michael(link is external)",R,304 CHOB,(202) 225-7742,Appropriations|Oversight and Government Reform
Texas,28,"Cuellar, Henry(link is external)",D,2308 RHOB,(202) 225-1640,Appropriations
Texas,29,"Garcia, Sylvia(link is external)",D,2419 RHOB,(202) 225-1688,Financial Services|Ethics
Texas,30,"Crockett, Jasmine(link is external)",D,1616 LHOB,(202) 225-8885,Oversight and Government Reform|Judiciary
Texas,31,"Carter, John(link is external)",R,2208 RHOB,(202) 225-3864,Appropriations
Texas,32,"Johnson, Julie(link is external)",D,221 CHOB,(202) 225-2231,Foreign Affairs|House Administration|Homeland Security|Joint Committee of Congress on the Library
Texas,33,"Veasey, Marc(link is external)",D,2186 RHOB,(202) 225-9897,Energy and Commerce
Texas,34,"Gonzalez, Vicente(link is external)",D,1201 LHOB,(202) 225-2531,Financial Services
Texas,35,"Casar, Greg(link is external)",D,446 CHOB,(202) 225-5645,Education and Workforce|Oversight and Government Reform
Texas,36,"Babin, Brian(link is external)",R,2236 RHOB,(202) 225-1555,"Transportation and Infrastructure|Science, Space, and Technology"
Texas,37,"Doggett, Lloyd(link is external)",D,2307 RHOB,(202) 225-4865,Budget|Joint Committee on Taxation|Ways and Means
Texas,38,"Hunt, Wesley(link is external)",R,1520 LHOB,(202) 225-5646,Natural Resources|Judiciary
Utah,1,"Moore, Blake(link is external)",R,1131 LHOB,(202) 225-0453,Budget|Ways and Means
Utah,2,"Maloy, Celeste(link is external)",R,249 CHOB,(202) 225-9730,Appropriations|Natural Resources
Utah,3,"Kennedy, Mike(link is external)",R,1626 LHOB,(202) 225-7751,"Natural Resources|Transportation and Infrastructure|Science, Space, and Technology"
Utah,4,"Owens, Burgess(link is external)",R,309 CHOB,(202) 225-3011,Education and Workforce|Transportation and Infrastructure
Vermont,1,"Balint, Becca(link is external)",D,1510 LHOB,(202) 225-4115,Budget|Judiciary
Virginia,1,"Wittman, Robert(link is external)",R,2055 RHOB,(202) 225-4261,Armed Services|Natural Resources|Select Comm on the Strategic Competition US and China
Virginia,2,"Kiggans, Jennifer(link is external)",R,152 CHOB,(202) 225-4215,Armed Services|Natural Resources|Veterans' Affairs
Virginia,3,"Scott, Robert(link is external)",D,2328 RHOB,(202) 225-8351,Budget|Education and Workforce
Virginia,4,"McClellan, Jennifer(link is external)",D,1628 LHOB,(202) 225-6365,Energy and Commerce
Virginia,5,"McGuire, John(link is external)",R,1013 LHOB,(202) 225-4711,Armed Services|Oversight and Government Reform
Virginia,6,"Cline, Ben(link is external)",R,2443 RHOB,(202) 225-5431,Appropriations|Budget|Intelligence|Judiciary
Virginia,7,"Vindman, Eugene(link is external)",D,1005 LHOB,(202) 225-2815,Agriculture|Armed Services
Virginia,8,"Beyer, Donald(link is external)",D,1226 LHOB,(202) 225-4376,Ways and Means
Virginia,9,"Griffith, H.(link is external)",R,2110 RHOB,(202) 225-3861,House Administration|Energy and Commerce|Rules
Virginia,10,"Subramanyam, Suhas(link is external)",D,1009 LHOB,(202) 225-5136,"Oversight and Government Reform|Ethics|Science, Space, and Technology"
Virginia,11,"Connolly, Gerald E.(link is external)- Vacancy",D,2265 RHOB,(202) 225-1492,
Washington,1,"DelBene, Suzan(link is external)",D,2311 RHOB,(202) 225-6311,Ways and Means
Washington,2,"Larsen, Rick(link is external)",D,2163 RHOB,(202) 225-2605,Transportation and Infrastructure
Washington,3,"Perez, Marie(link is external)",D,1431 LHOB,(202) 225-3536,Appropriations
Washington,4,"Newhouse, Dan(link is external)",R,460 CHOB,(202) 225-5816,Agriculture|Appropriations|Select Comm on the Strategic Competition US and China
Washington,5,"Baumgartner, Michael(link is external)",R,124 CHOB,(202) 225-2006,Education and Workforce|Foreign Affairs|Judiciary
Washington,6,"Randall, Emily(link is external)",D,1531 LHOB,(202) 225-5916,Oversight and Government Reform|Natural Resources
Washington,7,"Jayapal, Pramila(link is external)",D,2346 RHOB,(202) 225-3106,Budget|Foreign Affairs|Judiciary
Washington,8,"Schrier, Kim(link is external)",D,1110 LHOB,(202) 225-7761,Energy and Commerce
Washington,9,"Smith, Adam(link is external)",D,2264 RHOB,(202) 225-8901,Armed Services
Washington,10,"Strickland, Marilyn(link is external)",D,1724 LHOB,(202) 225-9740,Armed Services|Transportation and Infrastructure
West Virginia,1,"Miller, Carol(link is external)",R,465 CHOB,(202) 225-3452,Ways and Means
West Virginia,2,"Moore, Riley(link is external)",R,1337 LHOB,(202) 225-2711,Appropriations
Wisconsin,1,"Steil, Bryan(link is external)",R,1526 LHOB,(202) 225-3031,Financial Services|House Administration|Joint Committee of Congress on the Library
Wisconsin,2,"Pocan, Mark(link is external)",D,1026 LHOB,(202) 225-2906,Appropriations
Wisconsin,3,"Van Orden, Derrick(link is external)",R,1513 LHOB,(202) 225-5506,Agriculture|Armed Services|Veterans' Affairs
Wisconsin,4,"Moore, Gwen(link is external)",D,2252 RHOB,(202) 225-4572,Ways and Means
Wisconsin,5,"Fitzgerald, Scott(link is external)",R,2444 RHOB,(202) 225-5101,Financial Services|Judiciary
Wisconsin,6,"Grothman, Glenn(link is external)",R,1211 LHOB,(202) 225-2476,Budget|Education and Workforce|Oversight and Government Reform|Judiciary
Wisconsin,7,"Tiffany, Thomas(link is external)",R,451 CHOB,(202) 225-3365,Natural Resources|Judiciary
Wisconsin,8,"Wied, Tony(link is external)",R,424 CHOB,(202) 225-5665,Agriculture|Transportation and Infrastructure|Small Business
Wyoming,1,"Hageman, Harriet(link is external)",R,1227 LHOB,(202) 225-2311,Natural Resources|Judiciary